{"cameraMode":{"drawMode":0,"name":"Shaded","section":"Shading Mode"},"sceneLighting":false,"audioPlay":false,"sceneViewState":{"m_AlwaysRefresh":false,"showFog":true,"showSkybox":false,"showFlares":true,"showImageEffects":true,"showParticleSystems":true,"showVisualEffectGraphs":true,"m_FxEnabled":true},"in2DMode":false,"pivot":{"x":120.60633850097656,"y":5.334114074707031,"z":-0.7475461959838867},"rotation":{"x":0.3214189112186432,"y":0.023039737716317178,"z":-0.007759701926261187,"w":0.9466782808303833},"size":4.29218864440918,"orthographic":false}