{"cameraMode":{"drawMode":0,"name":"Shaded","section":"Shading Mode"},"sceneLighting":false,"audioPlay":false,"sceneViewState":{"m_AlwaysRefresh":false,"showFog":true,"showSkybox":false,"showFlares":true,"showImageEffects":true,"showParticleSystems":true,"showVisualEffectGraphs":true,"m_FxEnabled":true},"in2DMode":false,"pivot":{"x":5.5566487312316898,"y":2.0948381423950197,"z":2.240393877029419},"rotation":{"x":-0.05467192083597183,"y":0.9450854659080505,"z":-0.21661274135112763,"w":-0.2385004460811615},"size":1.9589208364486695,"orthographic":false}