{"cameraMode":{"drawMode":0,"name":"Shaded","section":"Shading Mode"},"sceneLighting":false,"audioPlay":false,"sceneViewState":{"m_AlwaysRefresh":false,"showFog":true,"showSkybox":false,"showFlares":true,"showImageEffects":true,"showParticleSystems":true,"showVisualEffectGraphs":true,"m_FxEnabled":true},"in2DMode":false,"pivot":{"x":4.050954341888428,"y":1.10579514503479,"z":0.6819376945495606},"rotation":{"x":0.008767060935497284,"y":-0.9911869764328003,"z":0.09875865280628205,"w":0.08793079107999802},"size":1.2623403072357178,"orthographic":false}