{"cameraMode":{"drawMode":0,"name":"Shaded","section":"Shading Mode"},"sceneLighting":false,"audioPlay":false,"sceneViewState":{"m_AlwaysRefresh":false,"showFog":true,"showSkybox":false,"showFlares":true,"showImageEffects":true,"showParticleSystems":true,"showVisualEffectGraphs":true,"m_FxEnabled":true},"in2DMode":false,"pivot":{"x":129.08033752441407,"y":4.587698936462402,"z":5.570751667022705},"rotation":{"x":-0.04317668825387955,"y":0.009305926039814949,"z":0.00037717848317697644,"w":0.9990261197090149},"size":3.366392135620117,"orthographic":false}